insight_id,type,indicator,entity,period,value,prev_value,change_pct,severity,explanation
INS-0001,trend,anc_coverage,Ahmedabad,2026-08,69.0,85.0,-18.82,Medium,Anc Coverage in Ahmedabad dropped by 18.8% in 2026-08 compared to previous month 2026-07 (85 -> 69).
INS-0002,trend,high_risk_cases,Ahmedabad,2026-08,13.0,10.0,30.0,High,High Risk Cases in Ahmedabad increased by 30.0% in 2026-08 compared to previous month 2026-07 (10 -> 13).
INS-0003,trend,high_risk_cases,Bhavnagar,2026-08,15.0,17.0,-11.76,Low,High Risk Cases in Bhavnagar dropped by 11.8% in 2026-08 compared to previous month 2026-07 (17 -> 15).
INS-0004,trend,anc_coverage,Mehsana,2026-08,42.0,84.0,-50.0,High,Anc Coverage in Mehsana dropped by 50.0% in 2026-08 compared to previous month 2026-07 (84 -> 42).
INS-0005,trend,high_risk_cases,Mehsana,2026-08,28.0,11.0,154.55,High,High Risk Cases in Mehsana increased by 154.5% in 2026-08 compared to previous month 2026-07 (11 -> 28).
INS-0006,trend,high_risk_cases,Vadodara,2026-08,6.0,7.0,-14.29,Low,High Risk Cases in Vadodara dropped by 14.3% in 2026-08 compared to previous month 2026-07 (7 -> 6).
INS-0007,outlier,anc_coverage,Ahmedabad,2026-08,69.0,,-0.73,Low,"Ahmedabad's Anc Coverage (69) breached the district lower IQR threshold (Q1=78.5, Q3=84.2, IQR=5.8) in 2026-08."
INS-0008,outlier,anc_coverage,Mehsana,2026-08,42.0,,-2.83,High,"Mehsana's Anc Coverage (42) breached the district lower IQR threshold (Q1=78.5, Q3=84.2, IQR=5.8) in 2026-08."
INS-0009,outlier,immunization,Vadodara,2026-08,97.0,,1.91,Medium,"Vadodara's Immunization (97) breached the district upper IQR threshold (Q1=89.8, Q3=92.2, IQR=2.5) in 2026-08."
INS-0010,outlier,high_risk_cases,Mehsana,2026-08,28.0,,2.6,High,"Mehsana's High Risk Cases (28) breached the district upper IQR threshold (Q1=10.8, Q3=15.0, IQR=4.2) in 2026-08."
INS-0011,correlation,anc_coverage : high_risk_cases,Statewide,Overall,-0.933,,-93.3,High,Strong Inverse Correlation (r = -0.93) observed between Anc Coverage and High Risk Cases across districts. (Note: Small sample size n=12).
INS-0012,correlation,institutional_delivery : immunization,Statewide,Overall,0.979,,97.9,High,Strong Positive Correlation (r = 0.98) observed between Institutional Delivery and Immunization across districts. (Note: Small sample size n=12).
