month,district,anc_coverage,institutional_delivery,immunization,high_risk_cases
2026-05,Ahmedabad,88,90,94,9
2026-06,Ahmedabad,86,91,93,9
2026-07,Ahmedabad,85,91,93,10
2026-08,Ahmedabad,69,90,92,13
2026-09,Ahmedabad,72,92,94,11
2026-05,Surat,80,85,89,14
2026-06,Surat,80,86,90,13
2026-07,Surat,81,87,91,13
2026-08,Surat,83,89,92,12
2026-09,Surat,84,90,93,12
2026-05,Vadodara,88,91,95,8
2026-06,Vadodara,89,92,95,7
2026-07,Vadodara,90,93,96,7
2026-08,Vadodara,91,94,97,6
2026-09,Vadodara,92,95,97,6
2026-05,Rajkot,77,83,87,16
2026-06,Rajkot,78,84,88,15
2026-07,Rajkot,79,85,89,15
2026-08,Rajkot,80,86,90,14
2026-09,Rajkot,81,87,91,14
2026-05,Mehsana,83,87,90,10
2026-06,Mehsana,84,88,91,10
2026-07,Mehsana,84,89,92,11
2026-08,Mehsana,42,88,91,28
2026-09,Mehsana,55,89,92,22
2026-05,Bhavnagar,75,80,85,18
2026-06,Bhavnagar,76,81,86,17
2026-07,Bhavnagar,77,82,87,17
2026-08,Bhavnagar,79,84,89,15
2026-09,Bhavnagar,80,85,90,14
